WMO Station Index,Station Name,Latitude,Longitude,Meteorological Altitude,StartOfObservations,Notes
20046,Им.Э.Т.Кренкеля,80.61666666666666,58.05,21,1957,
20069,Остров Визе,79.5,76.98333333333333,12,1945,
20087,Им.Г.А.Ушакова (Голомянный),79.55,90.61666666666666,7,1930,До 2015г. наз. Остров Голомянный
20107,Баренцбург,78.06666666666666,14.25,73,1940,
20289,Русский,77.16666666666667,96.43333333333334,9,1935,Закрыта в 1999г.
20292,Им.Е.К.Федорова ОГМС,77.71666666666667,104.3,14,1932,До 17.01.1983г. наз. мыс Челюскин
20476,Стерлегова,75.41666666666667,88.9,10,1934,
20667,Им. М.В.Попова,73.33333333333333,70.05,4,1940,
20674,Остров Диксон,73.51666666666667,80.4,42,1916,
20744,Малые Кармакулы,72.36666666666666,52.71666666666667,18,1876,
20891,Хатанга,71.98333333333333,102.46666666666667,31,1906,12.01.1951г. перенос на 800м к ЮЮЗ
20946,Им. Е.К.Федорова,70.45,59.083333333333336,13,1959,До 1983г. наз. Болванский Нос
20982,Волочанка,70.96666666666667,94.5,37,1933,
21432,Остров Котельный,76.0,137.86666666666667,12,1933,14.09.2003г. перенос на 1.2км к З
21611,Терпяй-Тумса,73.55,118.66666666666667,12,1959,Законсервирована в 1997 г.
21647,Шалаурова,73.18333333333334,143.23333333333332,21,1928,Законсервирована в 2000 г.
21802,Саскылах,71.96666666666667,114.08333333333333,16,1935,01.02.1964г. перенос на 5км к Ю
21824,Тикси,71.58333333333333,128.91666666666666,6,1932,
21908,Джалинда,70.13333333333334,113.96666666666667,61,1942,
21921,Кюсюр,70.68333333333334,127.4,30,1909,
21931,Юбилейная,70.76666666666667,136.21666666666667,23,1934,11.05.1969г. перенос на 7км к СЗС
21946,Чокурдах,70.61666666666666,147.88333333333333,44,1939,20.05.1955г. перенос на 800м к ССВ.
21982,Остров Врангеля,70.98333333333333,181.51666666666668,18,1926,"Переносы: в 1929г. с берега на косу (1км), в 1932г. на старое место, в 1934г. с берега на косу, в 2010г. на ЮВ часть коренного берега о.Врангеля"
22003,Вайда-Губа,69.93333333333334,31.983333333333334,8,1961,
22019,Полярное,69.2,33.483333333333334,32,1985,
22028,Териберка,69.2,35.11666666666667,33,1983,
22095,Колгуев Северный,69.53333333333333,49.083333333333336,23,1971,1971г. - перенос на 11км к ЮВ
22101,Янискоски,68.96666666666667,28.783333333333335,99,1961,1965г.- ст. сгорела; 1969г.- открыта в 7км к СВ
22113,Мурманск,68.96666666666667,33.05,57,1966,
22140,Святой Нос,68.15,39.766666666666666,12,1985,
22165,Канин Нос,68.65,43.3,48,1966,
22204,Ковдор,67.56666666666666,30.45,246,1961,Перенос 27.09.1965г. на 1км к СВ
22217,Кандалакша,67.15,32.35,26,1966,
22235,Краснощелье,67.35,37.05,155,1971,
22249,Каневка,67.13333333333334,39.666666666666664,149,1971,
22271,Шойна,67.88333333333334,44.166666666666664,5,1971,
22292,Индига,67.68333333333334,48.68333333333333,3,1971,
22324,Умба,66.68333333333334,34.35,39,1971,
22355,Сосновец остров,66.48333333333333,40.68333333333333,15,1961,
22408,Калевала,65.21666666666667,31.15,118,1951,Перенос в 05.1964г. на 1км к З
22422,Гридино,65.9,34.766666666666666,9,1966,
22438,Жижгин,65.2,36.81666666666667,26,1961,
22471,Мезень,65.86666666666666,44.21666666666667,14,1971,
22520,Кемь порт,64.98333333333333,34.8,7,1966,
22550,Архангельск,64.5,40.733333333333334,8,1966,
22583,Койнас,64.75,47.65,63,1961,
22602,Реболы,63.833333333333336,30.816666666666666,180,1914,Перенос в1928г. на 1.5км к Ю
22619,Паданы,63.266666666666666,33.416666666666664,130,1951,
22641,Онега,63.9,38.11666666666667,11,1966,
22676,Сура,63.583333333333336,45.63333333333333,62,1971,
22768,Шенкурск,62.1,42.9,40,1971,
22802,Сортавала,61.71666666666667,30.716666666666665,17,1949,
22820,Петрозаводск,61.81666666666667,34.266666666666666,110,1949,Перенос в 06.1954г. на 1км к СВ
22837,Вытегра,61.016666666666666,36.45,55,1936,
22845,Каргополь,61.5,38.93333333333333,124,1971,
22854,Няндома,61.666666666666664,40.18333333333333,232,1961,
22887,Котлас,61.233333333333334,46.71666666666667,55,1966,
22892,Выборг,60.71666666666667,28.733333333333334,10,1951,
22907,Гогланд,60.083333333333336,26.983333333333334,5,1952,
22981,Великий Устюг,60.766666666666666,46.3,94,1961,
23022,Амдерма,69.76666666666667,61.68333333333333,53,1961,
23032,Марресаля,69.71666666666667,66.8,24,1961,
23058,Антипаюта,69.08333333333333,76.85,2,1961,
23074,Дудинка,69.4,86.16666666666667,14,1966,"27.09.2012г. прекращены наблюдения, 01.03.2015г. закрыта"
23114,Мыс Константиновский,68.55,55.5,5,1961,
23205,Нарьян-Мар,67.63333333333334,53.03333333333333,5,1966,
23219,Хоседа-Хард,67.08333333333333,59.38333333333333,82,1966,Закрыта 18.04.2016г.
23220,Елецкая,67.05,64.06666666666666,113,1961,
23242,Новый Порт,67.68333333333334,72.88333333333334,11,1961,
23256,Тазовский,67.48333333333333,78.71666666666667,26,1961,
23274,Игарка,67.46666666666667,86.56666666666666,25,1971,
23324,Петрунь,66.43333333333334,60.766666666666666,61,1971,
23330,Салехард,66.53333333333333,66.66666666666667,15,1961,"Перенос: 31.08.1973г. на 2км к В, 30.05.2002г. на 2км к В"
23331,Ра-Из,66.9,65.66666666666667,895,1961,"С 01.01.1998г. законсервирована, 01.08.2011г. закрыта"
23345,Ныда,66.61666666666666,72.9,5,1961,"Переносы: 22.09.1962г. на 4км к ЮЗ, 03.07.1988г. на 1км к ЗЮЗ"
23365,Сидоровск,66.6,82.3,34,1961,"С 01.09.1997г. законсервирована, с 01.08.2011г. закрыта"
23383,Агата,66.88333333333334,93.46666666666667,277,1971,
23405,Усть-Цильма,65.43333333333334,52.266666666666666,78,1966,
23412,Усть-Уса,65.96666666666667,56.916666666666664,77,1961,
23418,Печора,65.11666666666666,57.1,53,1966,Перенос в 1973г. на 1.2км к ССЗ
23445,Надым,65.48333333333333,72.68333333333334,14,1961,"Переносы: 26.09.1963г. на 10км к ЮЗ, 22.10.1977г. на 10км к ЮВ"
23463,Янов Стан,65.98333333333333,84.26666666666667,41,1971,
23472,Туруханск,65.78333333333333,87.93333333333334,38,1936,"Переносы: 10.08.1953г. на 1.5км к СЗ, в 08.1959г. на 4км к ЮВ"
23514,Ираель,64.51666666666667,55.4,156,1961,
23527,Саранпауль,64.28333333333333,60.88333333333333,28,1961,
23552,Тарко-Сале,64.91666666666667,77.76666666666667,26,1961,"Переносы: в 07.1967г. на 2км к С, 07.10.1992г. на 1.5км к ЮЗ"
23589,Тутончаны,64.2,93.78333333333333,105,1961,
23631,Березово,63.916666666666664,65.03333333333333,27,1937,"Переносы: в 10.1969г. на 2км к ЮЮЗ, 30.06.1983г. на 1.5км к ЮЗ"
23656,Халясавэй,63.38333333333333,78.31666666666666,66,1961,В 1993-1996гг. была законсервирована
23662,Толька,64.0,82.05,31,1961,
23678,Верхнеимбатск,63.15,87.95,46,1971,
23707,Усть-Вымь,62.233333333333334,50.416666666666664,107,1961,
23711,Троицко-Печорск,62.7,56.2,134,1966,
23724,Няксимволь,62.43333333333333,60.86666666666667,50,1941,
23734,Октябрьское,62.45,66.05,70,1961,Перенос 12.08.1962г. на 1.5км к С
23804,Сыктывкар,61.68333333333333,50.78333333333333,116,1966,В 1982г. перенос из аэропорта на территорию ГМО
23867,Ларьяк,61.1,80.25,55,1961,
23884,Бор,61.6,90.01666666666667,62,1936,"Переносы: 15.10.1957г. на 1.5км к В, 22.10.1976г. на 2.5км к ЮВ"
23891,Байкит,61.666666666666664,96.36666666666666,247,1939,
23904,Койгородок,60.45,50.96666666666667,124,1961,
23914,Чердынь,60.4,56.516666666666666,208,1966,
23921,Ивдель,60.68333333333333,60.45,93,1936,Перенос 31.10.1959г. на 3.5км к ЮВ
23933,Ханты-Мансийск,61.03333333333333,69.11666666666666,44,1962,"Перенос 20.09.2006г., коорд. стали: 61°01'-69°07'. В 2015г. координаты стали 61°02'-69°07'"
23946,Угут,60.5,74.01666666666667,47,1961,
23955,Александровское,60.43333333333333,77.86666666666666,47,1936,"Переносы: 29.09.1954г. на 1.5км к СЗ, 1.07.1959г. на 3км к СЗ"
23966,Ванжиль-Кынак,60.35,84.08333333333333,98,1971,
23986,Северо-Енисейский,60.38333333333333,93.03333333333333,513,1971,
24076,Депутатский,69.38333333333334,139.88333333333333,281,1961,
24105,Ессей,68.46666666666667,102.36666666666666,272,1966,Законсервирована с 25.12.1998г.
24125,Оленек,68.51666666666667,112.48333333333333,195,1937,Перенос в 03.1965г. на 2 км к ВСВ
24136,Сухана,68.61666666666666,118.33333333333333,78,1961,
24143,Джарджан,68.73333333333333,124.0,38,1966,
24266,Верхоянск,67.56666666666666,133.4,136,1936,"Переносы: 30.10.1940г. на 1.5км к ССВ, 27.04.1947г. на 2.5км к ЮЮВ в р-н аэропорта, 06.09.1999г. из аэропорта на АЭ на 2.5-3км к ЮЗ"
24329,Шелагонцы,66.25,114.28333333333333,233,1966,
24343,Жиганск,66.78333333333333,123.36666666666666,88,1936,Перенос 4.09.1957г. на 1км к СЗ
24371,Усть-Чаркы,66.8,136.68333333333334,274,1961,
24382,Усть-Мома,66.45,143.21666666666667,195,1961,
24507,Тура (Эвенкийский),64.26666666666667,100.23333333333333,188,1936,Перенос 25.07.1962г. на 500м к СВ
24538,Чумпурук,64.23333333333333,116.91666666666667,137,1961,
24606,Кислокан,63.583333333333336,103.96666666666667,209,1971,
24641,Вилюйск,63.78333333333333,121.61666666666666,111,1936,Перенос 10.11.1956г. на 1км к ЮВ
24643,Хатырык-Хомо,63.95,124.83333333333333,76,1961,
24661,Сеген-Кюель,64.0,130.3,208,1961,
24671,Томпо,63.95,135.86666666666667,399,1961,
24679,Восточная,63.233333333333334,139.61666666666667,"1,286",1942,
24688,Оймякон,63.25,143.15,740,1939,
24713,Наканно,62.88333333333333,108.43333333333334,246,1961,
24726,Мирный,62.53333333333333,113.86666666666666,351,1961,
24738,Сунтар,62.166666666666664,117.63333333333334,130,1936,"Переносы: 21.09.1960г. на 1.5км к СВ, 10.09.1973г. на 2.5км к С"
24763,Крест-Хальджай,62.8,134.48333333333332,130,1961,
24790,Сусуман,62.78333333333333,148.16666666666666,646,1961,
24802,Стрелка Чуня,61.75,102.8,357,1961,
24817,Ербогачён,61.266666666666666,108.01666666666667,284,1941,
24908,Ванавара,60.333333333333336,102.3,259,1936,Перенос 01.10.1956г. на 1км к ЮВ
24923,Ленск,60.733333333333334,114.83333333333333,238,1961,Переносы: 04.10.1981г. на 1км к СВ
24933,Килеер,60.95,119.3,247,1961,
24944,Олекминск,60.4,120.41666666666667,225,1936,"Переносы: с 08.1938г. на 1.5км к ЮВ, с 01.1945г. в 4км к ССВ"
24951,Исить,60.81666666666667,125.31666666666666,123,1961,Переносы: 16.10.2002г. на 1.5км к ЗСЗ
24959,Якутск,62.0,129.66666666666666,98,1936,Перенос: 01.11.1964г. на 700-800м к СЗ
24966,Усть-Мая,60.35,134.45,171,1936,15.09.1943г. перенос в с. Чаран (бывшее с. Петропавловское)
24967,Тегюлтя,60.46666666666667,130.0,173,1961,
24982,Уега,60.71666666666667,142.78333333333333,396,1961,
25034,Бухта Амбарчик,69.61666666666666,162.3,24,1933,
25042,Им. В.С.Сидорова (Айон),69.93333333333334,167.98333333333332,13,1942,
25062,Мыс Биллингса,69.88333333333334,175.76666666666668,2,1935,
25138,Островное,68.11666666666666,164.16666666666666,98,1933,
25173,Мыс Шмидта,68.9,-178.36666666666667,2,1932,Перенос в 1953 г. на 7км к В. Законсервирована с 01.09.2013г.
25206,Среднеколымск,67.45,153.71666666666667,20,1887,
25248,Илирней,67.25,167.96666666666667,352,1944,"С 07.10.2015г. наблюдения прекращены, нет штата."
25282,Мыс Ванкарем,67.83333333333333,-174.16666666666666,3,1934,
25325,Усть-Олой,66.55,159.41666666666666,127,1943,С 19.08.2013г. временно законсервирована
25356,Эньмувеем,66.38333333333334,173.33333333333334,78,1946,
25372,"Амгуэма,87км",67.01666666666667,-177.06666666666666,139,1951,Законсервирована с 01.09.1995 г.
25378,Эгвекинот,66.35,-178.88333333333333,18,1950,Перенос 19.12.1957г. на 9км к С
25399,Уэлен,66.16666666666667,-168.16666666666666,5,1918,
25400,Зырянка,65.73333333333333,150.9,41,1935,12.08.1937г. перенос на 16.6км к Ю в п.Зырянка
25428,Омолон,65.23333333333333,160.53333333333333,260,1944,Перенос 25.12.1953г. на 1км к Ю
25503,Коркодон,64.75,153.96666666666667,97,1935,Перенос 02.09.1940г. на 7км вверх по течению р.Колымы к устью р.Коркодон
25538,Верхне-Пенжино,64.21666666666667,164.23333333333332,324,1944,
25551,Марково,64.68333333333334,170.41666666666666,25,1894,"Перенос в 1940г. на 25км к В, в 10.1942г. обратно в Марково"
25563,Анадырь,64.78333333333333,177.56666666666666,64,1889,Переносы: в 1913г. на 5км к ЮЗ (из п.Комбинат в п.Анадырь) и 1.12.1935г. обратно
25594,Бухта Провидения,64.38333333333334,-172.76666666666668,25,1934,"В 1938г. перенос в р-н аэропорта (на другой берег реки), в 1940г. в с.Урелики, в 2001г. в аэропорт Провидения. С 01.09.2013г. законсервирована"
25621,Кедон,64.0,158.91666666666666,682,1945,Законсервирована с 01.08.2003г.
25656,Березово,63.45,172.7,200,1944,Законсервирована с 03.05.1995г.
25677,Беринговская,63.016666666666666,179.28333333333333,3,1944,С 1996г. по 2006г. наблюдения не проводились. С 01.09.2013г. законсервирована
25703,Сеймчан,62.916666666666664,152.41666666666666,206,1933,"Перенос в 12.1941г. на 1.5км к С, в 1998г. на 1.8км к С"
25705,Среднекан,62.45,152.31666666666666,264,1933,"Переносы: 22.10.1934г. на 1.7км к ЮЗ, 25.10.1936г. обратно, но на 500м к ЮЮЗ"
25744,Каменское,62.483333333333334,166.21666666666667,35,1949,"Перенос 13.07.1964г. на 7км к СВ (коорд. 62°26' -166°05'), в 11.2002г. на 7км к ЮЗ"
25767,Хатырка,62.05,175.2,11,1954,Законсервирована с 01.09.2013г.
25777,Бухта Гавриила,62.416666666666664,179.13333333333333,4,1935,Законсервирована с 01.09.1995г.
25912,Ола,59.56666666666667,151.28333333333333,4,1914,
25913,Магадан (Нагаево),59.55,150.78333333333333,115,1930,Перенос 17.02.1937г. на 1.7км к ЮВ
25916,"Алевина, мыс",58.833333333333336,151.35,64,1962,
25922,Шелихова,60.71666666666667,155.88333333333333,34,1960,
25927,Брохово,59.65,154.26666666666668,7,1933,
25932,Тайгонос,60.68333333333333,160.4,45,1949,Законсервирована с 15.07.2013г.
25954,Корф,60.35,166.0,2,1929,Закрыта 08.10.2011г.
25956,Апука,60.43333333333333,169.66666666666666,3,1932,
26063,Санкт-Петербург,59.96666666666667,30.3,3,1743,Перенос в 07.1933г. на 5км к ССЗ
26069,Белогорка,59.35,30.133333333333333,88,1926,
26094,Тихвин,59.65,33.55,61,1938,"Переносы: в 12.1946г. на 3.5км к СЗ, в 10.1955г. на 2.5км к ВЮВ"
26157,Гдов,58.733333333333334,27.833333333333332,39,1916,"Переносы: в 12.1944г. на 5км к С, в 11.1947г. обратно, в 07.1954г. на 3.3км к СВ"
26258,Псков,57.81666666666667,28.333333333333332,43,1874,"Переносы: в 03.1910г. на 1км к СЗ, в 09.1934г. на 1км к С, в 08.1944г. на 2.8км к ССЗ, в 06.1957г. на 3.7км к ЮЮЗ"
26275,Старая Русса,58.016666666666666,31.316666666666666,24,1901,
26298,Бологое,57.9,34.05,186,1928,Переносы: 27.10.1930г. на 1км к СЗ; 08.06.1957г. на 1км к С
26359,Пушкинские Горы,57.016666666666666,28.9,108,1931,
26477,Великие Луки,56.35,30.616666666666667,104,1880,"Переносы: в 12.1933г. на 10км к ССВ, с 02.1946г. в д. Зимари в 5км к ССВ от г. Великие Луки, в 09.1946г. на 2км к ЮЮЗ"
26479,Торопец,56.483333333333334,31.633333333333333,187,1923,
26499,Старица,56.5,34.93333333333333,184,1892,Переносы: в 1941г. на 1км к ССВ; 17.07.1987г. на 1.5км к ЗСЗ
26614,Советск,55.083333333333336,21.933333333333334,37,1881,
26701,Балтийск,54.65,19.883333333333333,4,1948,
26702,Калининград,54.7,20.616666666666667,20,1848,
26706,Железнодорожный,54.36666666666667,21.3,49,1950,
26781,Смоленск,54.75,32.06666666666667,236,1887,Перенос в 1936г. на 2км на территорию аэропорта
26898,Брянск,53.25,34.31666666666667,214,1928,"1928-1935гг. – данные ст.Брянск, ж.д. (коорд.53°13'-34 о26'); 1935-1945гг. – данные ст. Брянск,АМСГ (коорд.53°18'-34 о18'); перенос 26.06.1946г. на 6,5км к СЗ (коорд.53°20'-34 о14'); с 1966г.-1987г. данные ст. Брянск, агро и с 1988г. ст.Брянск (коорд.53°15'-34 о19')"
26976,Красная Гора,53.016666666666666,31.6,147,1934,
26997,Трубчевск,52.583333333333336,33.766666666666666,177,1930,Перенос в 1983г. на 7км к ССЗ
27008,Бабаево,59.4,35.93333333333333,136,1926,Перенос в 1933г. на 3.5км к СЗ
27037,Вологда,59.31666666666667,39.93333333333333,125,1844,Переносы: 15.09.1959г. на 2км к Ю и 02.08.1982г. на 1км к ССЗ
27051,Тотьма,59.88333333333333,42.75,134,1883,Перенос в 05.1939г. на 1км к С
27066,Никольск,59.53333333333333,45.46666666666667,142,1904,Перенос 29.09.1966г. на 1.5км к С
27083,Опарино,59.85,48.28333333333333,179,1931,
27164,Кологрив,58.81666666666667,44.31666666666667,150,1897,Перенос в 1963г. на 4км к СВ
27208,Максатиха,57.8,35.9,140,1926,"Переносы: 03.11.1942г. на 1.5км к В, 29.07.1988г. на 1.5км к З"
27225,Рыбинск,58.1,38.68333333333333,104,1949,
27277,Ветлуга,57.85,45.766666666666666,133,1924,Перенос: 28.02.1934г. на 1.6км к ЮЗ
27296,Кумены,58.1,49.916666666666664,175,1927,
27333,Кострома,57.733333333333334,40.78333333333333,125,1842,Перенос 1.09.1992г. на 10км к ЗЮЗ в д.Коряково
27385,Яранск,57.36666666666667,47.916666666666664,103,1923,
27425,Переславль-Залесский,56.71666666666667,38.833333333333336,174,1921,"Переносы: 10.10.1938г. на 1км к ЮЮВ, в 1953г. на 1км к ЮЮВ"
27459,Нижний Новгород,56.266666666666666,44.0,161,1835,"Переносы в 05.1922г. на 2-3км к ЮВ, в 07.1932г. на 7км к ЮЮЗ"
27485,Йошкар-Ола,56.63333333333333,47.766666666666666,116,1926,"Переносы: 20.09.1931г. на 1км к ЮЮВ, 25.08.1939г. на 4км к З, в 1986г. на 1км к З, в 2010г. на 9.5км к ЮЗ"
27509,Можайск,55.516666666666666,36.0,184,1932,Перенос 31.01.1942г. на 2км к СЗ
27595,Казань,55.733333333333334,49.2,116,1812,"До 11.1925г. Казань (Университет), координаты - 55°47' - 49°08'. С 11.1925г. Казань (опорная)"
27612,"Москва, ВДНХ",55.833333333333336,37.61666666666667,147,1948,
27625,Коломна,55.13333333333333,38.733333333333334,112,1913,"Переносы: в 1930г. на 2км к СЗ, в 12.1955г. на 5км к СЗ"
27648,Елатьма,54.96666666666667,41.75,132,1885,
27665,Лукоянов,55.03333333333333,44.5,217,1886,
27675,Порецкое,55.18333333333333,46.333333333333336,136,1891,
27707,Сухиничи,54.083333333333336,35.35,237,1926,Перенос 02.02.1960г. на 1.5км к ВЮВ
27730,Рязань,54.583333333333336,39.7,155,1931,Перенос в 1942г. на 2км в аэропорт
27756,Краснослободск,54.43333333333333,43.766666666666666,185,1934,"Переносы: 09.01.1958г. на 2.5км к СЗ, в 1986г. на 1км к ЮВ"
27814,Плавск,53.65,37.233333333333334,240,1963,
27823,Павелец,53.78333333333333,39.233333333333334,209,1927,
27857,Земетчино,53.483333333333334,42.63333333333333,131,1880,Перенос 26.09.1957г. на 1.5км к ЮВ
27872,Инза,53.85,46.416666666666664,175,1925,"Переносы: 01.01.1963г. на 1.5км к ЮЮЗ, в 1985г. на 5.5км к В"
27947,Тамбов,52.8,41.483333333333334,127,1845,"Переносы: 24.09.1948г. на 6км к СВ, 15.05.1952г. на 8км к С, 30.09.1957г.на 1.7км к Ю"
27962,Пенза,53.11666666666667,45.016666666666666,169,1850,Перенос в 1969г. на 9км к Ю
27995,Безенчук,52.983333333333334,49.43333333333333,45,1904,
28009,Кирс,59.35,52.25,167,1902,"Переносы: в 1954г. на 5км к СЗ, в 2009г. на 3.5км к ЮВ"
28064,Леуши,59.63333333333333,65.71666666666667,70,1927,
28138,Бисер,58.516666666666666,58.85,463,1888,
28144,Верхотурье,58.86666666666667,60.78333333333333,124,1890,
28224,Пермь,58.0,56.333333333333336,171,1866,"Переносы: 16.04.1938г. на 2км из центра города на северную окраину п.Балатово, 18.10.1951г. на 5км к ВЮВ от центра города на территорию опытной станции"
28255,Туринск,58.05,63.68333333333333,101,1926,"Переносы: в 05.1956г. на 1км к СЗ, в 10.1963г. на 2.5км к СЗ"
28275,Тобольск,58.15,68.25,45,1884,"Закрыта в 1957г., 19.06.1957г. открыта Тобольск, аэрол., затем Тобольск, ОГМС; в наст. время Тобольск"
28312,Дебесы,57.63333333333333,53.81666666666667,187,1936,
28367,Тюмень,57.11666666666667,65.41666666666667,101,1950,
28402,Кильмезь,56.9,51.06666666666667,143,1936,"Переносы: 10.12.1977г. на 5км к Ю, 23.10.1992г. на 3.5км к ССЗ"
28411,Ижевск,56.833333333333336,53.45,155,1933,"Переносы: в 06.1951г. на 5км к В, координаты 
 56°51'-53°18'; 30.10.1974г. на 10км к В, координаты 56°50'-53°27'; 25.07.1977г. на 1.4км к СВ"
28418,Сарапул,56.46666666666667,53.733333333333334,135,1923,Перенос 18.09.1970г. на 5км к ЮЗ
28419,Янаул,56.266666666666666,54.9,98,1926,Перенос в 11.1943г. на 2км к СВ
28434,Красноуфимск,56.65,57.78333333333333,205,1926,Перенос 5.11.1956г. на 6км к С
28440,Екатеринбург,56.833333333333336,60.63333333333333,280,1831,Перенос в 1969г. на 1.5км к Ю
28445,Верхнее Дуброво,56.733333333333334,61.06666666666667,286,1936,
28493,Тара,56.9,74.38333333333334,73,1887,"Переносы: 15.08.1936г. на 2.5км на территорию опытной станции, 02.10.1951г. на 5км к ЮЗ. С 02.05.1960 г. данные станции Тара, ОГМС"
28506,Елабуга,55.766666666666666,52.05,90,1843,
28537,Дуван,55.7,57.9,337,1936,Перенос в 06.1956г. на 1км к СВ
28552,Шадринск,56.06666666666667,63.65,88,1894,Перенос 21.11.1955г. на 3км к СЗ
28561,Памятное,56.016666666666666,65.7,66,1956,
28573,Ишим,56.1,69.43333333333334,82,1925,
28624,Кушнаренково,55.13333333333333,55.35,98,1929,Перенос в 1947г. на 2км к ЮЗ
28630,Златоуст,55.166666666666664,59.666666666666664,532,1818,Перенос в 1958г. на 1км к СЗ
28661,Курган,55.45,65.4,71,1893,"Переносы: в 08.1942г. на 2км к СВ; в 06.1976г. на 1.65км к ССЗ; в 06.1994г. на 1.5км к ЮЮЗ, в 2014г. на 1.3км к Ю"
28666,Макушино,55.25,67.3,138,1926,"Переносы: 23.10.1929г. на 2км к С, 29.10.1954г. на 1км к ССВ"
28698,Омск,55.016666666666666,73.38333333333334,121,1875,"До 1916г. данные ст.Омск, город (координаты: 54°58'-73°23'). С 1916г. до 1935г. данные станции Омск, оп. п. (координаты: 55°01'-73°19'). С 1935г. – Омск, степная; с 10.04.1962г. - Омск, отдел наблюдений; с 08.1983г.- Омск, ОГМС (координаты: 55°01'-73°23')"
28704,Чулпаново,54.5,50.416666666666664,76,1929,
28719,Аксаково,54.03333333333333,54.15,350,1932,
28722,Уфа,54.71666666666667,55.833333333333336,104,1853,"Уфа 1 до 1957г., Уфа,Дема с 27.06.1957г."
28748,Троицк,54.083333333333336,61.61666666666667,192,1887,Перенос в 1974г. на 1км к ЗСЗ
28802,Серноводск,53.916666666666664,51.266666666666666,112,1917,"Переносы: в 1915г. на 7км к СВ, в 1965г. на 1.5км к ССЗ"
28823,Тукан,53.86666666666667,57.416666666666664,551,1935,
28825,Стерлитамак,53.583333333333336,56.0,136,1924,"Переносы: 19.07.1963г. на 7км к ЮЮЗ, в 1984г. на 1.2км к ССВ"
28833,Верхнеуральск,53.88333333333333,59.2,401,1903,Переносы:29.10.1935г. и 01.03.1960г. на 1.5км к З
28895,Русская Поляна,53.78333333333333,73.88333333333334,127,1954,
29023,Напас,59.85,81.95,77,1932,"Перенос 07.06.1948г. к СЗ с правого берега реки Тыма на левый берег, координаты изменились: широта на 5´, долгота на 2´"
29111,Средний Васюган,59.21666666666667,78.23333333333333,68,1913,
29154,Усть-Озерное,58.88333333333333,87.75,113,1932,Перенос 23.05.1949г. на 3км к С
29231,Колпашевская,58.31666666666667,82.95,73,1925,"Переносы: 04.12.1935г. на 9км к З, 14.10.1947г. на 2км к В, в 1984г. на 2км к В"
29263,Енисейск,58.45,92.15,77,1853,До 1915г. переносилась 15 раз без изменения координат
29282,Богучаны,58.38333333333333,97.45,131,1930,Перенос 09.12.1960г. на 2км к СЗ
29313,Пудино,57.56666666666667,79.43333333333334,96,1927,"Переносы: в 1930г. на 2км в п.Лушниково, в 1954г. на 1км к СЗ"
29328,Бакчар,57.0,82.06666666666666,109,1934,Перенос в 1981г. на 2км к ЮЮВ
29348,Первомайское,57.06666666666667,86.21666666666667,114,1910,
29379,Тасеево,57.2,94.55,163,1988,
29393,Червянка,57.65,99.53333333333333,219,1940,
29418,Северное,56.333333333333336,78.36666666666666,124,1936,Перенос 16.10.1953г. на 1.5км к СЗ
29430,Томск,56.5,84.91666666666667,141,1837,Перенос 18.04.1934г. на 2км от южной окраины города
29467,Ачинск,56.28333333333333,90.51666666666667,265,1894,Перенос 15.12.1956г. на 1км к Ю. До 2003г. наз Ачинск ж.д.ст.
29539,Болотное,55.666666666666664,84.4,191,1928,Перенос 26.07.1956г. на 2км к ВЮВ
29541,Тайга,56.06666666666667,85.61666666666666,250,1900,Перенос 22.09.1936г. на 2км в ЮЗ часть города
29557,Тисуль,55.75,88.3,210,1926,"Переносы: 11.12.1937г. на 1.5км на южную окраину села, 30.06.1957г. на 2км к З"
29570,Красноярск опыт.поле,56.03333333333333,92.75,277,1914,
29580,Солянка,56.166666666666664,95.26666666666667,359,1931,
29594,Тайшет,55.95,98.0,305,1902,Перенос 24.08.1940г. на 1.5км к С
29605,Татарск,55.21666666666667,76.01666666666667,112,1899,"Переносы: 29.10.1935г. на 3км к ССВ, 30.07.1949г. на 1.2км к ССВ на восточную окраину города"
29612,Барабинск,55.333333333333336,78.36666666666666,119,1900,"Переносы: 31.05.1939г. на 2-2.5км к С, 20.10.1949г. на 4км к ЮЗ"
29638,Огурцово(Новосибирск),54.9,82.95,131,1930,Перенос в 1942г. на 4км к ЮЗ
29645,Кемерово (Новостройка),55.25,86.21666666666667,148,1965,Перенос в 1985г. на 1км к З
29664,Светлолобово,55.1,90.83333333333333,326,1958,
29698,Нижнеудинск,54.88333333333333,99.03333333333333,410,1941,
29752,Ненастная,54.75,88.81666666666666,"1,186",1932,
29789,Верхняя Гутара,54.21666666666667,96.96666666666667,983,1935,
29822,Камень-на-Оби,53.81666666666667,81.26666666666667,127,1901,Переносы: в 06.1983г. на 15км к З; в 08.1989г. на 10км к В
29838,Барнаул,53.43333333333333,83.51666666666667,183,1838,"До 1950г. координаты: 53°20'-83o48',
 с 1950г. координаты: 53°22'-83o42'
 Перенос 12.09.1970г. на 8км к З, с 2005г. коорд. 53°26'-83o31'"
29849,Кузедеево,53.333333333333336,87.18333333333334,293,1940,
29858,Неожиданный,53.28333333333333,89.06666666666666,527,1941,
29862,Абакан (Хакасский),53.766666666666666,91.31666666666666,254,1928,
29866,Минусинск,53.71666666666667,91.7,254,1885,"1885-1914гг..- Минусинск, музей, с 1915г. – Минусинск, оп.поле. Перенос 25.06.1990г. на 800м к СЗ"
29915,Славгород,52.96666666666667,78.65,125,1925,Перенос 08.12.1936г. на 2км к ЮЗ
29923,Ребриха,53.083333333333336,82.33333333333333,218,1939,Перенос в 1977г. на 3км к ЗСЗ
29939,Бийск-Зональная,52.68333333333333,84.93333333333334,224,1934,Перенос в 1990г. на 2км к З
29974,Оленья Речка,52.8,93.23333333333333,"1,404",1926,
29998,Орлик,52.5,99.81666666666666,"1,376",1934,
30028,Ика,59.28333333333333,106.16666666666667,350,1944,
30054,Витим,59.45,112.58333333333333,186,1929,Перенос в 1962г. на 2км к Ю
30069,Перевоз,59.0,116.91666666666667,330,1937,
30089,Джикимда,59.016666666666666,121.76666666666667,174,1939,
30209,Ершово,57.11666666666667,102.3,371,1973,
30219,Максимово,57.1,104.96666666666667,354,1912,
30230,Киренск,57.766666666666666,108.06666666666666,256,1892,"Переносы: в 11.1909г. на 1.5км к В, в 06.1931г. на наб. р.Лена, 15.08.1933 г. на правый берег р.Лена. В 09.1940г. орг. АМСГ в 2.5-3км от прежней станции на левом берегу р.Лена, в 07.1942г. на 1.5км к ЮЮВ (правый берег)"
30252,Мамакан,57.81666666666667,114.01666666666667,244,1957,
30253,Бодайбо,57.86666666666667,114.23333333333333,274,1931,
30309,Братск,56.28333333333333,101.75,411,1901,"Перенос в 12.1956г. на 4км к СЗ и до 01.05.1961г. - Братск,АМСГ, с 01.05.1961г. – Братск, ГМО, с 14.01.1991г. – Братск, ЦГМС"
30328,Орлинга,56.05,105.83333333333333,338,1932,
30337,Казачинское,56.31666666666667,107.61666666666666,355,1942,"Переносы: в 1952г. на 1-1.5км к ЮЗ, в 1966г. на 1км к СЗ"
30356,Таксимо,56.38333333333333,114.83333333333333,513,1964,
30372,Чара,56.9,118.26666666666667,709,1938,"Переносы: в 09.1949г. на 1км к СВ (коорд.56 °55' - 118°22'), 01.01.1969г. на 1км к ЮЗ"
30385,Усть-Нюкжа,56.583333333333336,121.5,440,1938,
30393,Чульман,56.833333333333336,124.86666666666666,855,1927,"Переносы: 01.08.1966г.на 6км к С, в 09.1987г. на 3км к С"
30433,Нижнеангарск,55.78333333333333,109.58333333333333,477,1933,Перенос в 06.1951г.на 3км к ССВ
30437,Карам,55.15,107.61666666666666,495,1909,Перенос в 1977г. на 1.5км
30469,Калакан,55.11666666666667,116.76666666666667,612,1935,Закрыта с 01.04.2014г.
30471,Средний Калар,55.86666666666667,117.36666666666666,748,1938,"С 15.05.2015г. законсервирована, с 01.07.2015г. закрыта"
30484,Средняя Олекма,55.43333333333333,120.55,526,1950,
30493,Нагорный,55.95,124.91666666666667,845,1935,
30504,Тулун,54.6,100.63333333333334,523,1899,"Переносы: в конце 1907г. на 7км к СВ, 01.08.1951г. на 1.3км к В"
30521,Жигалово,54.8,105.16666666666667,417,1938,"Переносы: 07.09.1967г. на 3км, 03.10.2001г. на 3км к ЗСЗ"
30536,Баргузинский заповедник,54.333333333333336,109.53333333333333,468,1954,
30554,Багдарин,54.43333333333333,113.58333333333333,901,1936,Перенос в 05.1951г. на 1.4км к СВ
30555,Троицкий Прииск,54.583333333333336,113.15,"1,315",1938,
30565,Усть-Каренга,54.43333333333333,116.53333333333333,686,1948,
30612,Балаганск,54.0,103.06666666666666,428,1962,
30627,Баяндай,53.1,105.53333333333333,757,1911,Перенос в 06.1912г. на 12км к С
30632,Большой Ушканий о-в,53.85,108.58333333333333,458,1950,
30635,Усть-Баогузин,53.416666666666664,109.01666666666667,459,1933,Перенос 15.03.1960г. на 1км к ЮЗ
30636,Баргузин,53.61666666666667,109.63333333333334,488,1898,"Переносы: в 03.1936г. на 1км к СЗ, в 1952г. на 2км к З"
30650,Романовка,53.2,112.78333333333333,920,1913,"Переносы: в 10.1955г. на 3км к ЮЗ, в 01.1963г. на 1км к З"
30673,Могоча,53.75,119.73333333333333,624,1910,Перенос в 1937г. на 1км к СЗ
30692,Сковородино,54.0,123.96666666666667,397,1911,Перенос в 11.1932г. на 3км к СВ
30695,Джалинда,53.46666666666667,123.9,266,1896,
30703,Инга,52.96666666666667,101.98333333333333,541,1936,
30710,Иркутск-обсерватория,52.266666666666666,104.31666666666666,467,1830,
30716,Хомутово,52.46666666666667,104.36666666666666,453,1956,
30727,Большое Голоустное,52.03333333333333,105.41666666666667,461,1897,Перенос 03.08.1954г. на 2км к С
30745,Сосново-Озерское,52.53333333333333,111.55,952,1935,
30758,Чита,52.083333333333336,113.48333333333333,671,1890,Перенос 24.03.1955г. на 3км к С. До переноса координаты: 52°03' - 113°29'
30777,Сретенск,52.233333333333334,117.7,528,1899,Перенос в 06.1942г. на 2.5км к ЮЮЗ
30811,Тунка,51.733333333333334,102.53333333333333,720,1951,
30815,Хамар-Дабан,51.53333333333333,103.6,1442,1936,
30822,Бабушкин,51.7,105.85,466,1940,Перенос в 06.1959г. на 2км к З
30823,Улан-Удэ,51.833333333333336,107.6,514,1847,"Переносы: в 08.1901г. на 1км к СВ, в 04.1919г. на 3-5км к ЮВ, в 11.1934г. на 3км к СЗ, в 07.1942г. на 10-15км к ЗЮЗ, в 1947г. обратно., в 1953г. на 1.5км к ЮЗ"
30825,Иволгинск,51.75,107.26666666666667,562,1965,
30844,Хилок,51.36666666666667,110.46666666666667,800,1901,"Хилок, город с 1901-1950гг., коорд.: 51°22' - 110°27', с 1951г. ст.Хилок в 7км к В, коорд. 51°21' - 110°38', перенос 20.06.1972г. на 4км к З, коорд. 51°21' - 110°28', сейчас коорд. 51°22' - 110°28'"
30859,Агинское,51.1,114.51666666666667,680,1908,
30879,Нерчинский завод,51.31666666666667,119.61666666666666,621,1839,
30915,Цакир,50.43333333333333,103.6,984,1940,
30925,Кяхта,50.36666666666667,106.45,791,1885,
30935,Красный Чикой,50.36666666666667,108.75,770,1913,Перенос в 04.1948г. на 1км к ВСВ
30949,Кыра,49.56666666666667,111.96666666666667,907,1927,
30954,Мангут,49.7,112.66666666666667,807,1940,
30965,Борзя,50.4,116.51666666666667,675,1901,Перенос в 05.1953г. на 1.2км к ССВ
31004,Алдан,58.6,125.38333333333334,678,1926,
31026,Учур,58.733333333333334,130.61666666666667,194,1934,
31062,Югоренок,59.766666666666666,137.66666666666666,380,1946,
31088,Охотск,59.36666666666667,143.2,5,1789,
31092,Талон,59.766666666666666,148.63333333333333,19,1953,
31102,Канку,57.65,125.96666666666667,"1,204",1950,Перенос 22.03.1964г. на 1.7км к В
31137,Токо,56.28333333333333,131.13333333333333,849,1945,
31152,Нелькан,57.65,136.15,326,1917,Переносы: в 08.1945г. на 3км к Ю; 11.09.1956г.-обратно
31168,Аян,56.45,138.15,6,1890,"Перенос в 11.1931г. на северный берег бухты Аянская на вершину горы, на высоту 60м над уровнем моря. В 10.1937г. перенос на южную окраину пос. Аян вниз по склону"
31174,Большой Шантар,54.833333333333336,137.53333333333333,9,1924,Переносы: 28.09.1935г. на 2-2.5км к ЮВ; 01.11.1958г. на 2км к СЗ
31235,Джана,55.31666666666667,134.55,318,1952,
31253,Бомнак,54.71666666666667,128.86666666666667,365,1909,17.04.1996г. ТДС Бомнак перенесена в п.Бомнак на 7км к ЮЗ
31285,Удское,54.5,134.41666666666666,62,1939,
31329,Экимчан,53.083333333333336,132.93333333333334,540,1915,
31362,Литке,53.95,140.33333333333334,22,1952,
31369,Николаевск-на-Амуре,53.15,140.7,45,1854,"Переносы: до 1909г. в пределах города, в 10.1909 г. на 0.5км к С, 17.06.1949г. на 3км к З (в аэропорт), 22.07.1987г. на 1км к ССЗ, в 2014г. на территорию аэрологического пункта"
31371,Черняево,52.78333333333333,126.0,208,1902,
31388,Норск,52.35,129.91666666666666,207,1925,
31416,Им. Полины Осипенко,52.416666666666664,136.5,69,1911,
31436,Джаоре,52.666666666666664,141.28333333333333,5,1926,
31439,Богородское,52.38333333333333,140.46666666666667,33,1935,
31443,Мазаново,51.63333333333333,128.81666666666666,161,1909,
31459,Верхняя Томь,51.35,130.43333333333334,260,1927,Законсервирована 15.09.1998г.
31478,Софийский Прииск,52.266666666666666,133.98333333333332,902,1887,
31510,Благовещенск,50.28333333333333,127.48333333333333,168,1859,Перенос в 2014г. на 6.5км к СЗ
31532,Чекунда,50.86666666666667,132.25,271,1934,Перенос в 04.1979г. на 7км выше по течению р. Бурея
31538,Сутур,50.06666666666667,132.13333333333333,343,1939,Перенос в 09.1960г. на 2км к В
31562,Нижнетамбовское,50.916666666666664,138.18333333333334,24,1932,"Перенос 28.07.1973г. на 1км к С, с 13.09.2013г.-01.06.2015г. – пост, 01.06.2015г. перенос на 1км к Ю из-за затопления"
31586,Константиновка,49.61666666666667,127.96666666666667,117,1950,
31594,Архара,49.416666666666664,130.08333333333334,134,1913,
31677,Солекуль,49.166666666666664,138.05,915,1935,
31707,Екатерино-Никольское,47.733333333333334,130.96666666666667,71,1890,Перенос в 1912г. на 1-1.5км к В
31725,Смидович,48.6,133.83333333333334,50,1912,
31733,Елабуга,48.81666666666667,135.88333333333333,62,1938,
31735,Хабаровск,48.516666666666666,135.11666666666667,88,1878,
31770,Советская Гавань,49.0,140.3,21,1913,Перенос 01.06.1944г. на 4-5км к С
31788,Лермонтовка,47.15,134.33333333333334,75,1938,
31829,Золотой,47.31666666666667,138.98333333333332,27,1935,"Законсервирована с 05.10.2010г., закрыта 13.11.2014г."
31845,Красный Яр,46.53333333333333,135.31666666666666,128,1939,
31873,Дальнереченск,45.86666666666667,133.73333333333332,100,1909,
31895,Мельничное,45.45,135.5,331,1935,
31909,Терней,45.0,136.6,51,1925,Переносы: в 1940г. на 4км на северо-восточный берег бухты Терней; в 12.1975г. на 5км от побережья вглубь
31915,Пограничный,44.4,131.38333333333333,217,1902,
31931,Свиягино,44.8,133.08333333333334,99,1938,
31959,Рудная Пристань,44.36666666666667,135.85,27,1932,Переносы: 06.12.1933г. на 7км к ЮЗ; 18.05.1937г. на 1км к СВ.
31960,Владивосток,43.11666666666667,131.91666666666666,187,1917,Перенос 17.02.1959г. на 2км к В
31961,Тимирязевский,43.88333333333333,131.96666666666667,34,1911,Переносы: в 05.1914 г. на 2.5км к ЗСЗ; в 12.1920г. на 2км к ССВ; 14.05.1986г. на 2.5км к СЗ; 20.09.1991г. на 1.5км
31969,Посьет,42.65,130.8,41,1885,
31989,Преображение,42.9,133.9,44,1936,
32014,Москальво,53.56666666666667,142.5,5,1931,"Переносы: в 07.1957г. на 2.5км к В, 01.01.1965г. на 2 км к СВ"
32027,Погиби,52.21666666666667,141.63333333333333,6,1933,
32053,Ноглики,51.916666666666664,143.13333333333333,35,1929,Переносы: 18.10.1957 г. на 2км к ЮЗ; 01.10.1962г. на 1.5км к ЮВ
32061,Александровск-Сахалинский,50.9,142.16666666666666,30,1881,"Переносы: в 01.1893г. на 2км к С, в 12.1960г. на 2км к СЗ"
32071,Тымовское,50.733333333333334,142.71666666666667,94,1886,"Переносы: в 1913г. на 5км к С, 26.09.1932г. на 4км к С, 30.05.1935г. на 5км к Ю, в 12.1954г. на 3км к С, 01.11.1966г. на 17 км к С"
32076,Пограничное,50.4,143.76666666666668,6,1935,
32088,Углегорск,49.06666666666667,142.03333333333333,39,1939,Перенос 01.01.1959г. на 2 км к З
32098,Поронайск,49.21666666666667,143.1,7,1908,
32099,Мыс Терпения,48.65,144.73333333333332,33,1949,
32121,Ильинский,47.983333333333334,142.2,17,1942,
32145,Невельск,46.666666666666664,141.86666666666667,22,1920,"Переносы: 01.08.1961г. на 10км к Ю, 01.11.1972г. обратно"
32149,Мыс Крильон,45.9,142.08333333333334,34,1941,
32150,Южно-Сахалинск,46.95,142.71666666666667,22,1942,Переносы: в 09.1946г. на 2.5км к В; 01.01.1949г. на 3км к З
32165,Южно-Курильск,44.016666666666666,145.86666666666667,44,1947,Перенос 01.01.1957г. на 5км к В
32174,Курильск,45.25,147.88333333333333,25,1904,
32213,Мыс Лопатка,50.86666666666667,156.68333333333334,48,1927,
32246,Оссора,59.233333333333334,163.06666666666666,6,1950,Перенос 25.09.1964г. на 3км к Ю
32252,Усть-Воямполка,58.5,159.16666666666666,4,1935,
32287,Усть-Хайрюзово,57.083333333333336,156.7,3,1932,Перенос 01.05.1967г. на 2км к С
32363,Эссо,55.93333333333333,158.7,480,1941,
32389,Ключи,56.31666666666667,160.83333333333334,28,1885,
32411,Ича,55.583333333333336,155.58333333333334,5,1935,
32447,Долиновка,55.11666666666667,159.06666666666666,101,1936,Перенос 01.12.1976г. на 1.2км к С
32477,Соболево,54.3,155.91666666666666,25,1937,
32509,Семячик,54.11666666666667,159.98333333333332,28,1935,
32539,Начики,53.11666666666667,157.73333333333332,317,1935,
32547,Сосновка,53.083333333333336,158.3,40,1957,
32562,Большерецк,52.833333333333336,156.3,30,1959,
32583,Петропавловск-Камчатский,52.86666666666667,158.65,32,1843,Перенос 01.04.1946г. на 2км к Ю
32586,Петропавловский маяк,52.88333333333333,158.71666666666667,126,1894,
32618,Остров Беринга,55.2,165.98333333333332,16,1899,Перенос в 07.1957г. на 1.5км к ЮВ
33166,Рыльск,51.56666666666667,34.68333333333333,204,1924,Перенос в 1967г. на 2.5км к ЮВ
33946,Симферополь,45.0,34.0,180,1886,Перенос в 1984г. на 2.5 км к З.
33976,Феодосия,45.0,35.38333333333333,26,1981,
33983,Керчь,45.4,36.38333333333333,49,1936,Перенос в 1973г. на 1.1 км к ССВ.
34003,Поныри,52.31666666666667,36.3,247,1891,
34009,Курск,51.766666666666666,36.166666666666664,246,1833,"Перенос 29.06.1957г. на 4км к С, в 1989г. на 3км к ЮЗ"
34026,Конь-Колодезь,52.15,39.15,135,1893,
34059,Росташи,51.86666666666667,43.583333333333336,161,1950,
34110,Богородицкое-Фенино,51.166666666666664,37.35,223,1890,
34123,Воронеж,51.7,39.21666666666667,147,1918,Перенос 29.05.1930г. на 1км к З
34139,Каменная Степь,51.05,40.7,193,1921,
34152,Балашов,51.55,43.15,157,1900,Перенос в 10.1951г. на 1.5км к СВ
34163,Октябрьский городок,51.63333333333333,45.45,202,1847,
34172,Саратов,51.56666666666667,46.0,125,1836,"1836-1911гг..- Саратов, город (координаты 51°32'- 46°02'), 1912-1965гг..- Саратов, оп.п. (координаты 51°34'- 46°00'), с 1966г. – Саратов, южный; с 01.05.2011г. Саратов Юго-Восток"
34186,Ершов,51.36666666666667,48.3,110,1901,"Переносы: 22.08.1938г. на 1км к СВ; в 11.1967г. на 1км к СВ, 11.07.1987г. на 3км к ЮВ"
34202,Готня,50.8,35.766666666666666,225,1930,Перенос 08.10.1955г. на 2км к СЗ
34240,Урюпинск,50.8,42.0,106,1858,Переносы: в 05.1948г. на 2 км к ВСВ; в 06.1986г. на 1.5 км к ЮВ
34247,Калач,50.416666666666664,41.05,90,1930,Перенос 09.10.1961г. на 1км к В
34289,Новоузенск,50.43333333333333,48.13333333333333,32,1899,
34321,Валуйки,50.21666666666667,38.1,111,1926,Перенос в 1935г. на 3.5км к СЗ
34356,Фролово,49.8,43.666666666666664,118,1928,Перенос в 11.1948г. на 2.5 км к ССВ
34391,Александров Гай,50.15,48.55,23,1929,
34432,Чертково,49.38333333333333,40.166666666666664,145,1924,Перенос 10.12.1958г. на 2.5км к В
34476,Эльтон,49.13333333333333,46.85,5,1914,
34561,Волгоград,48.666666666666664,44.45,113,1836,"Переносы: в 1915г. на 1км к СЗ, с 08.1944г. по 02.1955г. в 20км к ЮЗ (Бекетовка), с 1955г. по 1959г. – сведений о местоположении станции не сохранилось.. С 1.11.1960г.–Волгоград, СХИ (координаты 48°40'- 44°27')"
34579,Верхний Баскунчак,48.21666666666667,46.733333333333334,34,1908,
34646,Цимлянск(Волгодонск),47.63333333333333,42.11666666666667,64,1930,"Переносы: 20.04.1946г. на 1км к С, 14.11.1951г. на 15км к ЮЗ"
34720,Таганрог,47.2,38.9,30,1816,Перенос в 10.1985г. на 4км к З
34730,Ростов-на-Дону,47.25,39.81666666666667,81,1881,"1881-06.1988гг.. – Ростов-на-Дону, оп.ст., ГМО (координаты 47°15'- 39°44'), 07.1988 –1996гг. – Ростов-на-Дону, аэропорт (координаты 47°15'- 39°49'), 1997-04.2006гг.-Ростов-на-Дону, М, (координаты 47°16'- 39°49'), с 05.2006г. – Ростов-на-Дону (координаты 47o15'- 39°49')"
34740,Гигант,46.516666666666666,41.35,79,1939,Перенос 18.11.1970г. на 2 км к В
34759,Ремонтное,46.56666666666667,43.666666666666664,105,1927,
34824,Приморско-Ахтарск,46.03333333333333,38.15,3,1914,
34861,Элиста,46.31666666666667,44.3,155,1928,Переносы:19.04.1944г. на 5км к СВ (координаты 46°19'- 44°18'); 07.09.1970г. на 7км к С
34866,Яшкуль,46.18333333333333,45.35,-7,1928,
34880,Астрахань,46.28333333333333,47.983333333333334,-22,1837,Перенос 12.02.1962г. на 11 км к ЮЗ
34927,"Краснодар, Круглик",45.05,39.03333333333333,28,1881,
34949,"Ставрополь, АМСГ",45.11666666666667,42.11666666666667,451,1914,Перенос в 01.1976г. на 10км к СВ
34984,Лагань,45.4,47.35,-25,1959,Переносы: 11.08.1976г. на 4км к ЮЗ; 09.10.1997г. на 3км к С
35007,Перелюб,51.86666666666667,50.333333333333336,72,1933,
35011,Сорочинск,52.43333333333333,53.13333333333333,122,1934,
35026,Зилаир,52.21666666666667,57.4,522,1932,
35041,Бреды,52.43333333333333,60.35,309,1931,"Переносы: 01.01.1936г. на 6км к ССЗ, 04.10.1937г. на 2км к ССЗ"
35121,Оренбург,51.68333333333333,55.1,115,1843,"В 01.1962 г. наблюдения перенесены на ст. Оренбург, аэрол. в 5км к СЗ, в 1975г. на 12км к ЮЗ"
35127,Акбулак,51.016666666666666,55.63333333333333,143,1927,
35233,Домбаровский,50.75,59.55,277,1937,Перенос в 09.1942г. на 20км к ЮВ
36034,Рубцовск,51.583333333333336,81.2,216,1924,"Переносы: 05.11.1942г. на 1.5км к СВ, 05.05.1943г. на 2км к ЮВ, в 08.1955г. на 10км к СЗ"
36038,Змеиногорск,51.15,82.16666666666667,354,1901,Перенос 27.09.1956г. на 1.5км к ЗЮЗ
36045,Солонешное,51.63333333333333,84.33333333333333,409,1948,Перенос 05.11.1963г. на 2км к Ю
36055,Кызыл-Озек,51.9,86.0,324,1940,
36064,Яйлю,51.766666666666666,87.6,482,1940,
36096,Кызыл (Тувинский),51.71666666666667,94.5,626,1943,Переносы: 22.06.1944г. на 2км к В; 01.10.1956г. на 3км к В
36099,Сосновка,51.15,94.51666666666667,947,1964,
36103,Тоора-Хем,52.46666666666667,96.1,919,1945,
36229,Усть-Кокса,50.266666666666666,85.61666666666666,977,1940,
36259,Кош-Агач,50.0,88.66666666666667,1759,1933,Перенос 10.09.1953г. на 1км к СВ
36278,Мугур-Аксы,50.36666666666667,90.43333333333334,1850,1963,
36307,Эрзин,50.266666666666666,95.11666666666666,1100,1949,
36442,Кара-Тюрек,50.03333333333333,86.45,2601,1940,
37001,Анапа,44.88333333333333,37.28333333333333,30,1899,Перенос с 01.1986г. на 2км к Ю
37018,Туапсе,44.1,39.06666666666667,60,1903,
37031,Армавир,44.983333333333334,41.11666666666667,158,1932,"Переносы: 05.09.1933г. на 1км к ЮЗ, 13.09.1963г. на 6км к С"
37054,Минеральные Воды,44.21666666666667,43.1,312,1938,Перенос с 06.1969г. на 3км к З
37061,Буденновск,44.78333333333333,44.13333333333333,134,1917,
37075,Южно-Сухокумск,44.65,45.65,19,1955,
37089,Тюлений остров,44.46666666666667,47.483333333333334,-24,1959,
37099,Сочи,43.583333333333336,39.766666666666666,142,1870,
37107,Красная Поляна,43.68333333333333,40.2,564,1914,
37112,Зеленчукская,43.86666666666667,41.56666666666667,928,1940,
37123,Кисловодск,43.9,42.71666666666667,943,1881,"Переносы: в 10.1926г. из города на Казачью гору, в 12.1937г. на гору Крестовую, в 1973г. на 1км к Ю на гору Пикет"
37126,Шаджатмаз,43.733333333333334,42.666666666666664,2070,1949,
37196,Клухорский перевал,43.25,41.833333333333336,2037,1959,
37228,Владикавказ,43.03333333333333,44.68333333333333,702,1934,"С 07.1934г. до 1974г. - Владикавказ, АМСГ"
37235,Грозный,43.25,45.71666666666667,256,1870,
37244,Гудермес,43.35,46.11666666666667,74,1940,Перенос 08.12.1960г. на 1.5км к Ю
37461,"Сулак, высокогорная",42.36666666666667,46.25,2927,1930,
37470,Дербент,42.06666666666667,48.3,-19,1886,
37471,Буйнакск,42.81666666666667,47.11666666666667,472,1881,
37472,Махачкала,43.016666666666666,47.483333333333334,-20,1882,"Махачкала,порт с 1882г. – 06.1897г., координаты: 42°59'-47°31'.Махачкала,маяк: с 07.1897г. по 12.1964г., в 1962г. перенос на 5.5км, координаты: 43°00'-47°30'. С 01.1965г. по 11.1991г. – Махачкала,АЭ, ЮВ окраина, координаты: 42°58'-47°32'. В 1991г.перенос на 9км к СЗ"
37663,Ахты,41.46666666666667,47.75,1016,1910,Перенос 26.11.1963г. на 1.5км к В
